employeeid,firstname,lastname,employeename,email,phonenumber,hiredate,jobid,jobtitle,minsalary,maxsalary,salary,commissionpct,annualcomp,managerid,managername,departmentid,departmentname,locationid,city,stateprovince,countryid,countryname,regionid,regionname,tenureyears,jobstartdate,jobenddate,jobhistorydeptid,jobhistoryjobid
100,Steven,King,Steven King,SKING,515.123.4567,2003-06-17,AD_PRES,President,20080,40000,24000.0,0.0,288000,, ,90.0,Executive,1700.0,Seattle,Washington,US,United States of America,2.0,Americas,23,,,,
101,Neena,Kochhar,Neena Kochhar,NKOCHHAR,515.123.4568,2005-09-21,AD_VP,Administration Vice President,15000,30000,17000.0,0.0,204000,100.0,Steven King,90.0,Executive,1700.0,Seattle,Washington,US,United States of America,2.0,Americas,21,1997-09-21,2001-10-27,110.0,AC_ACCOUNT
101,Neena,Kochhar,Neena Kochhar,NKOCHHAR,515.123.4568,2005-09-21,AD_VP,Administration Vice President,15000,30000,17000.0,0.0,204000,100.0,Steven King,90.0,Executive,1700.0,Seattle,Washington,US,United States of America,2.0,Americas,21,2001-10-28,2005-03-15,110.0,AC_MGR
102,Lex,De Haan,Lex De Haan,LDEHAAN,515.123.4569,2001-01-13,AD_VP,Administration Vice President,15000,30000,17000.0,0.0,204000,100.0,Steven King,90.0,Executive,1700.0,Seattle,Washington,US,United States of America,2.0,Americas,25,2001-01-13,2006-07-24,60.0,IT_PROG
103,Alexander,Hunold,Alexander Hunold,AHUNOLD,590.423.4567,2006-01-03,IT_PROG,Programmer,4000,10000,9000.0,0.0,108000,102.0,Lex De Haan,60.0,IT,1400.0,Southlake,Texas,US,United States of America,2.0,Americas,20,,,,
104,Bruce,Ernst,Bruce Ernst,BERNST,590.423.4568,2007-05-21,IT_PROG,Programmer,4000,10000,6000.0,0.0,72000,103.0,Alexander Hunold,60.0,IT,1400.0,Southlake,Texas,US,United States of America,2.0,Americas,19,,,,
105,David,Austin,David Austin,DAUSTIN,590.423.4569,2005-06-25,IT_PROG,Programmer,4000,10000,4800.0,0.0,57600,103.0,Alexander Hunold,60.0,IT,1400.0,Southlake,Texas,US,United States of America,2.0,Americas,21,,,,
106,Valli,Pataballa,Valli Pataballa,VPATABAL,590.423.4560,2006-02-05,IT_PROG,Programmer,4000,10000,4800.0,0.0,57600,103.0,Alexander Hunold,60.0,IT,1400.0,Southlake,Texas,US,United States of America,2.0,Americas,20,,,,
107,Diana,Lorentz,Diana Lorentz,DLORENTZ,590.423.5567,2007-02-07,IT_PROG,Programmer,4000,10000,4200.0,0.0,50400,103.0,Alexander Hunold,60.0,IT,1400.0,Southlake,Texas,US,United States of America,2.0,Americas,19,,,,
108,Nancy,Greenberg,Nancy Greenberg,NGREENBE,515.124.4569,2002-08-17,FI_MGR,Finance Manager,8200,16000,12008.0,0.0,144096,101.0,Neena Kochhar,100.0,Finance,1700.0,Seattle,Washington,US,United States of America,2.0,Americas,24,,,,
109,Daniel,Faviet,Daniel Faviet,DFAVIET,515.124.4169,2002-08-16,FI_ACCOUNT,Accountant,4200,9000,9000.0,0.0,108000,108.0,Nancy Greenberg,100.0,Finance,1700.0,Seattle,Washington,US,United States of America,2.0,Americas,24,,,,
110,John,Chen,John Chen,JCHEN,515.124.4269,2005-09-28,FI_ACCOUNT,Accountant,4200,9000,8200.0,0.0,98400,108.0,Nancy Greenberg,100.0,Finance,1700.0,Seattle,Washington,US,United States of America,2.0,Americas,21,,,,
111,Ismael,Sciarra,Ismael Sciarra,ISCIARRA,515.124.4369,2005-09-30,FI_ACCOUNT,Accountant,4200,9000,7700.0,0.0,92400,108.0,Nancy Greenberg,100.0,Finance,1700.0,Seattle,Washington,US,United States of America,2.0,Americas,21,,,,
112,Jose Manuel,Urman,Jose Manuel Urman,JMURMAN,515.124.4469,2006-03-07,FI_ACCOUNT,Accountant,4200,9000,7800.0,0.0,93600,108.0,Nancy Greenberg,100.0,Finance,1700.0,Seattle,Washington,US,United States of America,2.0,Americas,20,,,,
113,Luis,Popp,Luis Popp,LPOPP,515.124.4567,2007-12-07,FI_ACCOUNT,Accountant,4200,9000,6900.0,0.0,82800,108.0,Nancy Greenberg,100.0,Finance,1700.0,Seattle,Washington,US,United States of America,2.0,Americas,18,,,,
114,Den,Raphaely,Den Raphaely,DRAPHEAL,515.127.4561,2002-12-07,PU_MAN,Purchasing Manager,8000,15000,11000.0,0.0,132000,100.0,Steven King,30.0,Purchasing,1700.0,Seattle,Washington,US,United States of America,2.0,Americas,23,2006-03-24,2007-12-31,50.0,ST_CLERK
115,Alexander,Khoo,Alexander Khoo,AKHOO,515.127.4562,2003-05-18,PU_CLERK,Purchasing Clerk,2500,5500,3100.0,0.0,37200,114.0,Den Raphaely,30.0,Purchasing,1700.0,Seattle,Washington,US,United States of America,2.0,Americas,23,,,,
116,Shelli,Baida,Shelli Baida,SBAIDA,515.127.4563,2005-12-24,PU_CLERK,Purchasing Clerk,2500,5500,2900.0,0.0,34800,114.0,Den Raphaely,30.0,Purchasing,1700.0,Seattle,Washington,US,United States of America,2.0,Americas,20,,,,
117,Sigal,Tobias,Sigal Tobias,STOBIAS,515.127.4564,2005-07-24,PU_CLERK,Purchasing Clerk,2500,5500,2800.0,0.0,33600,114.0,Den Raphaely,30.0,Purchasing,1700.0,Seattle,Washington,US,United States of America,2.0,Americas,21,,,,
118,Guy,Himuro,Guy Himuro,GHIMURO,515.127.4565,2006-11-15,PU_CLERK,Purchasing Clerk,2500,5500,2600.0,0.0,31200,114.0,Den Raphaely,30.0,Purchasing,1700.0,Seattle,Washington,US,United States of America,2.0,Americas,19,,,,
119,Karen,Colmenares,Karen Colmenares,KCOLMENA,515.127.4566,2007-08-10,PU_CLERK,Purchasing Clerk,2500,5500,2500.0,0.0,30000,114.0,Den Raphaely,30.0,Purchasing,1700.0,Seattle,Washington,US,United States of America,2.0,Americas,19,,,,
120,Matthew,Weiss,Matthew Weiss,MWEISS,650.123.1234,2004-07-18,ST_MAN,Stock Manager,5500,8500,8000.0,0.0,96000,100.0,Steven King,50.0,Shipping,1500.0,South San Francisco,California,US,United States of America,2.0,Americas,22,,,,
121,Adam,Fripp,Adam Fripp,AFRIPP,650.123.2234,2005-04-10,ST_MAN,Stock Manager,5500,8500,8200.0,0.0,98400,100.0,Steven King,50.0,Shipping,1500.0,South San Francisco,California,US,United States of America,2.0,Americas,21,,,,
122,Payam,Kaufling,Payam Kaufling,PKAUFLIN,650.123.3234,2003-05-01,ST_MAN,Stock Manager,5500,8500,7900.0,0.0,94800,100.0,Steven King,50.0,Shipping,1500.0,South San Francisco,California,US,United States of America,2.0,Americas,23,2007-01-01,2007-12-31,50.0,ST_CLERK
123,Shanta,Vollman,Shanta Vollman,SVOLLMAN,650.123.4234,2005-10-10,ST_MAN,Stock Manager,5500,8500,6500.0,0.0,78000,100.0,Steven King,50.0,Shipping,1500.0,South San Francisco,California,US,United States of America,2.0,Americas,20,,,,
124,Kevin,Mourgos,Kevin Mourgos,KMOURGOS,650.123.5234,2007-11-16,ST_MAN,Stock Manager,5500,8500,5800.0,0.0,69600,100.0,Steven King,50.0,Shipping,1500.0,South San Francisco,California,US,United States of America,2.0,Americas,18,,,,
125,Julia,Nayer,Julia Nayer,JNAYER,650.124.1214,2005-07-16,ST_CLERK,Stock Clerk,2008,5000,3200.0,0.0,38400,120.0,Matthew Weiss,50.0,Shipping,1500.0,South San Francisco,California,US,United States of America,2.0,Americas,21,,,,
126,Irene,Mikkilineni,Irene Mikkilineni,IMIKKILI,650.124.1224,2006-09-28,ST_CLERK,Stock Clerk,2008,5000,2700.0,0.0,32400,120.0,Matthew Weiss,50.0,Shipping,1500.0,South San Francisco,California,US,United States of America,2.0,Americas,20,,,,
127,James,Landry,James Landry,JLANDRY,650.124.1334,2007-01-14,ST_CLERK,Stock Clerk,2008,5000,2400.0,0.0,28800,120.0,Matthew Weiss,50.0,Shipping,1500.0,South San Francisco,California,US,United States of America,2.0,Americas,19,,,,
128,Steven,Markle,Steven Markle,SMARKLE,650.124.1434,2008-03-08,ST_CLERK,Stock Clerk,2008,5000,2200.0,0.0,26400,120.0,Matthew Weiss,50.0,Shipping,1500.0,South San Francisco,California,US,United States of America,2.0,Americas,18,,,,
129,Laura,Bissot,Laura Bissot,LBISSOT,650.124.5234,2005-08-20,ST_CLERK,Stock Clerk,2008,5000,3300.0,0.0,39600,121.0,Adam Fripp,50.0,Shipping,1500.0,South San Francisco,California,US,United States of America,2.0,Americas,21,,,,
130,Mozhe,Atkinson,Mozhe Atkinson,MATKINSO,650.124.6234,2005-10-30,ST_CLERK,Stock Clerk,2008,5000,2800.0,0.0,33600,121.0,Adam Fripp,50.0,Shipping,1500.0,South San Francisco,California,US,United States of America,2.0,Americas,20,,,,
131,James,Marlow,James Marlow,JAMRLOW,650.124.7234,2005-02-16,ST_CLERK,Stock Clerk,2008,5000,2500.0,0.0,30000,121.0,Adam Fripp,50.0,Shipping,1500.0,South San Francisco,California,US,United States of America,2.0,Americas,21,,,,
132,TJ,Olson,TJ Olson,TJOLSON,650.124.8234,2007-04-10,ST_CLERK,Stock Clerk,2008,5000,2100.0,0.0,25200,121.0,Adam Fripp,50.0,Shipping,1500.0,South San Francisco,California,US,United States of America,2.0,Americas,19,,,,
133,Jason,Mallin,Jason Mallin,JMALLIN,650.127.1934,2004-06-14,ST_CLERK,Stock Clerk,2008,5000,3300.0,0.0,39600,122.0,Payam Kaufling,50.0,Shipping,1500.0,South San Francisco,California,US,United States of America,2.0,Americas,22,,,,
134,Michael,Rogers,Michael Rogers,MROGERS,650.127.1834,2006-08-26,ST_CLERK,Stock Clerk,2008,5000,2900.0,0.0,34800,122.0,Payam Kaufling,50.0,Shipping,1500.0,South San Francisco,California,US,United States of America,2.0,Americas,20,,,,
135,Ki,Gee,Ki Gee,KGEE,650.127.1734,2007-12-12,ST_CLERK,Stock Clerk,2008,5000,2400.0,0.0,28800,122.0,Payam Kaufling,50.0,Shipping,1500.0,South San Francisco,California,US,United States of America,2.0,Americas,18,,,,
136,Hazel,Philtanker,Hazel Philtanker,HPHILTAN,650.127.1634,2008-02-06,ST_CLERK,Stock Clerk,2008,5000,2200.0,0.0,26400,122.0,Payam Kaufling,50.0,Shipping,1500.0,South San Francisco,California,US,United States of America,2.0,Americas,18,,,,
137,Renske,Ladwig,Renske Ladwig,RLADWIG,650.121.1234,2003-07-14,ST_CLERK,Stock Clerk,2008,5000,3600.0,0.0,43200,123.0,Shanta Vollman,50.0,Shipping,1500.0,South San Francisco,California,US,United States of America,2.0,Americas,23,,,,
138,Stephen,Stiles,Stephen Stiles,SSTILES,650.121.2034,2005-10-26,ST_CLERK,Stock Clerk,2008,5000,3200.0,0.0,38400,123.0,Shanta Vollman,50.0,Shipping,1500.0,South San Francisco,California,US,United States of America,2.0,Americas,20,,,,
139,John,Seo,John Seo,JSEO,650.121.2019,2006-02-12,ST_CLERK,Stock Clerk,2008,5000,2700.0,0.0,32400,123.0,Shanta Vollman,50.0,Shipping,1500.0,South San Francisco,California,US,United States of America,2.0,Americas,20,,,,
140,Joshua,Patel,Joshua Patel,JPATEL,650.121.1834,2006-04-06,ST_CLERK,Stock Clerk,2008,5000,2500.0,0.0,30000,123.0,Shanta Vollman,50.0,Shipping,1500.0,South San Francisco,California,US,United States of America,2.0,Americas,20,,,,
141,Trenna,Rajs,Trenna Rajs,TRAJS,650.121.8009,2003-10-17,ST_CLERK,Stock Clerk,2008,5000,3500.0,0.0,42000,124.0,Kevin Mourgos,50.0,Shipping,1500.0,South San Francisco,California,US,United States of America,2.0,Americas,22,,,,
142,Curtis,Davies,Curtis Davies,CDAVIES,650.121.2994,2005-01-29,ST_CLERK,Stock Clerk,2008,5000,3100.0,0.0,37200,124.0,Kevin Mourgos,50.0,Shipping,1500.0,South San Francisco,California,US,United States of America,2.0,Americas,21,,,,
143,Randall,Matos,Randall Matos,RMATOS,650.121.2874,2006-03-15,ST_CLERK,Stock Clerk,2008,5000,2600.0,0.0,31200,124.0,Kevin Mourgos,50.0,Shipping,1500.0,South San Francisco,California,US,United States of America,2.0,Americas,20,,,,
144,Peter,Vargas,Peter Vargas,PVARGAS,650.121.2004,2006-07-09,ST_CLERK,Stock Clerk,2008,5000,2500.0,0.0,30000,124.0,Kevin Mourgos,50.0,Shipping,1500.0,South San Francisco,California,US,United States of America,2.0,Americas,20,,,,
145,John,Russell,John Russell,JRUSSEL,011.44.1344.429268,2004-10-01,SA_MAN,Sales Manager,10000,20080,14000.0,0.4,173600,100.0,Steven King,80.0,Sales,2500.0,Oxford,Oxford,UK,United Kingdom,1.0,Europe,21,,,,
146,Karen,Partners,Karen Partners,KPARTNER,011.44.1344.467268,2005-01-05,SA_MAN,Sales Manager,10000,20080,13500.0,0.3,166050,100.0,Steven King,80.0,Sales,2500.0,Oxford,Oxford,UK,United Kingdom,1.0,Europe,21,,,,
147,Alberto,Errazuriz,Alberto Errazuriz,AERRAZUR,011.44.1344.429278,2005-03-10,SA_MAN,Sales Manager,10000,20080,12000.0,0.3,147600,100.0,Steven King,80.0,Sales,2500.0,Oxford,Oxford,UK,United Kingdom,1.0,Europe,21,,,,
148,Gerald,Cambrault,Gerald Cambrault,GCAMBRAU,011.44.1344.619268,2007-10-15,SA_MAN,Sales Manager,10000,20080,11000.0,0.3,135300,100.0,Steven King,80.0,Sales,2500.0,Oxford,Oxford,UK,United Kingdom,1.0,Europe,18,,,,
149,Eleni,Zlotkey,Eleni Zlotkey,EZLOTKEY,011.44.1344.429018,2008-01-29,SA_MAN,Sales Manager,10000,20080,10500.0,0.2,128100,100.0,Steven King,80.0,Sales,2500.0,Oxford,Oxford,UK,United Kingdom,1.0,Europe,18,,,,
150,Peter,Tucker,Peter Tucker,PTUCKER,011.44.1344.129268,2005-01-30,SA_REP,Sales Representative,6000,12008,10000.0,0.3,123000,145.0,John Russell,80.0,Sales,2500.0,Oxford,Oxford,UK,United Kingdom,1.0,Europe,21,,,,
151,David,Bernstein,David Bernstein,DBERNSTE,011.44.1344.345268,2005-03-24,SA_REP,Sales Representative,6000,12008,9500.0,0.25,116375,145.0,John Russell,80.0,Sales,2500.0,Oxford,Oxford,UK,United Kingdom,1.0,Europe,21,,,,
152,Peter,Hall,Peter Hall,PHALL,011.44.1344.478968,2005-08-20,SA_REP,Sales Representative,6000,12008,9000.0,0.25,110250,145.0,John Russell,80.0,Sales,2500.0,Oxford,Oxford,UK,United Kingdom,1.0,Europe,21,,,,
153,Christopher,Olsen,Christopher Olsen,COLSEN,011.44.1344.498718,2006-03-30,SA_REP,Sales Representative,6000,12008,8000.0,0.2,97600,145.0,John Russell,80.0,Sales,2500.0,Oxford,Oxford,UK,United Kingdom,1.0,Europe,20,,,,
154,Nanette,Cambrault,Nanette Cambrault,NCAMBRAU,011.44.1344.987668,2006-12-09,SA_REP,Sales Representative,6000,12008,7500.0,0.2,91500,145.0,John Russell,80.0,Sales,2500.0,Oxford,Oxford,UK,United Kingdom,1.0,Europe,19,,,,
155,Oliver,Tuvault,Oliver Tuvault,OTUVAULT,011.44.1344.486508,2007-11-23,SA_REP,Sales Representative,6000,12008,7000.0,0.15,85050,145.0,John Russell,80.0,Sales,2500.0,Oxford,Oxford,UK,United Kingdom,1.0,Europe,18,,,,
156,Janette,King,Janette King,JKING,011.44.1345.429268,2004-01-30,SA_REP,Sales Representative,6000,12008,10000.0,0.35,123500,146.0,Karen Partners,80.0,Sales,2500.0,Oxford,Oxford,UK,United Kingdom,1.0,Europe,22,,,,
157,Patrick,Sully,Patrick Sully,PSULLY,011.44.1345.929268,2004-03-04,SA_REP,Sales Representative,6000,12008,9500.0,0.35,117325,146.0,Karen Partners,80.0,Sales,2500.0,Oxford,Oxford,UK,United Kingdom,1.0,Europe,22,,,,
158,Allan,McEwen,Allan McEwen,AMCEWEN,011.44.1345.829268,2004-08-01,SA_REP,Sales Representative,6000,12008,9000.0,0.35,111150,146.0,Karen Partners,80.0,Sales,2500.0,Oxford,Oxford,UK,United Kingdom,1.0,Europe,22,,,,
159,Lindsey,Smith,Lindsey Smith,LSMITH,011.44.1345.729268,2005-03-10,SA_REP,Sales Representative,6000,12008,8000.0,0.3,98400,146.0,Karen Partners,80.0,Sales,2500.0,Oxford,Oxford,UK,United Kingdom,1.0,Europe,21,,,,
160,Louise,Doran,Louise Doran,LDORAN,011.44.1345.629268,2005-12-15,SA_REP,Sales Representative,6000,12008,7500.0,0.3,92250,146.0,Karen Partners,80.0,Sales,2500.0,Oxford,Oxford,UK,United Kingdom,1.0,Europe,20,,,,
161,Sarath,Sewall,Sarath Sewall,SSEWALL,011.44.1345.529268,2006-11-03,SA_REP,Sales Representative,6000,12008,7000.0,0.25,85750,146.0,Karen Partners,80.0,Sales,2500.0,Oxford,Oxford,UK,United Kingdom,1.0,Europe,19,,,,
162,Clara,Vishney,Clara Vishney,CVISHNEY,011.44.1346.129268,2005-11-11,SA_REP,Sales Representative,6000,12008,10500.0,0.25,128625,147.0,Alberto Errazuriz,80.0,Sales,2500.0,Oxford,Oxford,UK,United Kingdom,1.0,Europe,20,,,,
163,Danielle,Greene,Danielle Greene,DGREENE,011.44.1346.229268,2007-03-19,SA_REP,Sales Representative,6000,12008,9500.0,0.15,115425,147.0,Alberto Errazuriz,80.0,Sales,2500.0,Oxford,Oxford,UK,United Kingdom,1.0,Europe,19,,,,
164,Mattea,Marvins,Mattea Marvins,MMARVINS,011.44.1346.329268,2008-01-24,SA_REP,Sales Representative,6000,12008,7200.0,0.1,87120,147.0,Alberto Errazuriz,80.0,Sales,2500.0,Oxford,Oxford,UK,United Kingdom,1.0,Europe,18,,,,
165,David,Lee,David Lee,DLEE,011.44.1346.529268,2008-02-23,SA_REP,Sales Representative,6000,12008,6800.0,0.1,82280,147.0,Alberto Errazuriz,80.0,Sales,2500.0,Oxford,Oxford,UK,United Kingdom,1.0,Europe,18,,,,
166,Sundar,Ande,Sundar Ande,SANDE,011.44.1346.629268,2008-03-24,SA_REP,Sales Representative,6000,12008,6400.0,0.1,77440,147.0,Alberto Errazuriz,80.0,Sales,2500.0,Oxford,Oxford,UK,United Kingdom,1.0,Europe,18,,,,
167,Amit,Banda,Amit Banda,ABANDA,011.44.1346.729268,2008-04-21,SA_REP,Sales Representative,6000,12008,6200.0,0.1,75020,147.0,Alberto Errazuriz,80.0,Sales,2500.0,Oxford,Oxford,UK,United Kingdom,1.0,Europe,18,,,,
168,Lisa,Ozer,Lisa Ozer,LOZER,011.44.1343.929268,2005-03-11,SA_REP,Sales Representative,6000,12008,11500.0,0.25,140875,148.0,Gerald Cambrault,80.0,Sales,2500.0,Oxford,Oxford,UK,United Kingdom,1.0,Europe,21,,,,
169,Harrison,Bloom,Harrison Bloom,HBLOOM,011.44.1343.829268,2006-03-23,SA_REP,Sales Representative,6000,12008,10000.0,0.2,122000,148.0,Gerald Cambrault,80.0,Sales,2500.0,Oxford,Oxford,UK,United Kingdom,1.0,Europe,20,,,,
170,Tayler,Fox,Tayler Fox,TFOX,011.44.1343.729268,2006-01-24,SA_REP,Sales Representative,6000,12008,9600.0,0.2,117120,148.0,Gerald Cambrault,80.0,Sales,2500.0,Oxford,Oxford,UK,United Kingdom,1.0,Europe,20,,,,
171,William,Smith,William Smith,WSMITH,011.44.1343.629268,2007-02-23,SA_REP,Sales Representative,6000,12008,7400.0,0.15,89910,148.0,Gerald Cambrault,80.0,Sales,2500.0,Oxford,Oxford,UK,United Kingdom,1.0,Europe,19,,,,
172,Elizabeth,Bates,Elizabeth Bates,EBATES,011.44.1343.529268,2007-03-24,SA_REP,Sales Representative,6000,12008,7300.0,0.15,88695,148.0,Gerald Cambrault,80.0,Sales,2500.0,Oxford,Oxford,UK,United Kingdom,1.0,Europe,19,,,,
173,Sundita,Kumar,Sundita Kumar,SKUMAR,011.44.1343.329268,2008-04-21,SA_REP,Sales Representative,6000,12008,6100.0,0.1,73810,148.0,Gerald Cambrault,80.0,Sales,2500.0,Oxford,Oxford,UK,United Kingdom,1.0,Europe,18,,,,
174,Ellen,Abel,Ellen Abel,EABEL,011.44.1644.429267,2004-05-11,SA_REP,Sales Representative,6000,12008,11000.0,0.3,135300,149.0,Eleni Zlotkey,80.0,Sales,2500.0,Oxford,Oxford,UK,United Kingdom,1.0,Europe,22,,,,
175,Alyssa,Hutton,Alyssa Hutton,AHUTTON,011.44.1644.429266,2005-03-19,SA_REP,Sales Representative,6000,12008,8800.0,0.25,107800,149.0,Eleni Zlotkey,80.0,Sales,2500.0,Oxford,Oxford,UK,United Kingdom,1.0,Europe,21,,,,
176,Jonathon,Taylor,Jonathon Taylor,JTAYLOR,011.44.1644.429265,2006-03-24,SA_REP,Sales Representative,6000,12008,8600.0,0.2,104920,149.0,Eleni Zlotkey,80.0,Sales,2500.0,Oxford,Oxford,UK,United Kingdom,1.0,Europe,20,2006-03-24,2006-12-31,80.0,SA_REP
176,Jonathon,Taylor,Jonathon Taylor,JTAYLOR,011.44.1644.429265,2006-03-24,SA_REP,Sales Representative,6000,12008,8600.0,0.2,104920,149.0,Eleni Zlotkey,80.0,Sales,2500.0,Oxford,Oxford,UK,United Kingdom,1.0,Europe,20,2007-01-01,2007-12-31,80.0,SA_MAN
177,Jack,Livingston,Jack Livingston,JLIVINGS,011.44.1644.429264,2006-04-23,SA_REP,Sales Representative,6000,12008,8400.0,0.2,102480,149.0,Eleni Zlotkey,80.0,Sales,2500.0,Oxford,Oxford,UK,United Kingdom,1.0,Europe,20,,,,
178,Kimberely,Grant,Kimberely Grant,KGRANT,011.44.1644.429263,2007-05-24,SA_REP,Sales Representative,6000,12008,7000.0,0.15,85050,149.0,Eleni Zlotkey,,,,,,,,,,19,,,,
179,Charles,Johnson,Charles Johnson,CJOHNSON,011.44.1644.429262,2008-01-04,SA_REP,Sales Representative,6000,12008,6200.0,0.1,75020,149.0,Eleni Zlotkey,80.0,Sales,2500.0,Oxford,Oxford,UK,United Kingdom,1.0,Europe,18,,,,
180,Winston,Taylor,Winston Taylor,WTAYLOR,650.507.9876,2006-01-24,SH_CLERK,Shipping Clerk,2500,5500,3200.0,0.0,38400,120.0,Matthew Weiss,50.0,Shipping,1500.0,South San Francisco,California,US,United States of America,2.0,Americas,20,,,,
181,Jean,Fleaur,Jean Fleaur,JFLEAUR,650.507.9877,2006-02-23,SH_CLERK,Shipping Clerk,2500,5500,3100.0,0.0,37200,120.0,Matthew Weiss,50.0,Shipping,1500.0,South San Francisco,California,US,United States of America,2.0,Americas,20,,,,
182,Martha,Sullivan,Martha Sullivan,MSULLIVA,650.507.9878,2007-06-21,SH_CLERK,Shipping Clerk,2500,5500,2500.0,0.0,30000,120.0,Matthew Weiss,50.0,Shipping,1500.0,South San Francisco,California,US,United States of America,2.0,Americas,19,,,,
183,Girard,Geoni,Girard Geoni,GGEONI,650.507.9879,2008-02-03,SH_CLERK,Shipping Clerk,2500,5500,2800.0,0.0,33600,120.0,Matthew Weiss,50.0,Shipping,1500.0,South San Francisco,California,US,United States of America,2.0,Americas,18,,,,
184,Nandita,Sarchand,Nandita Sarchand,NSARCHAN,650.509.1876,2004-01-27,SH_CLERK,Shipping Clerk,2500,5500,4200.0,0.0,50400,121.0,Adam Fripp,50.0,Shipping,1500.0,South San Francisco,California,US,United States of America,2.0,Americas,22,,,,
185,Alexis,Bull,Alexis Bull,ABULL,650.509.2876,2005-02-20,SH_CLERK,Shipping Clerk,2500,5500,4100.0,0.0,49200,121.0,Adam Fripp,50.0,Shipping,1500.0,South San Francisco,California,US,United States of America,2.0,Americas,21,,,,
186,Julia,Dellinger,Julia Dellinger,JDELLING,650.509.3876,2006-06-24,SH_CLERK,Shipping Clerk,2500,5500,3400.0,0.0,40800,121.0,Adam Fripp,50.0,Shipping,1500.0,South San Francisco,California,US,United States of America,2.0,Americas,20,,,,
187,Anthony,Cabrio,Anthony Cabrio,ACABRIO,650.509.4876,2007-02-07,SH_CLERK,Shipping Clerk,2500,5500,3000.0,0.0,36000,121.0,Adam Fripp,50.0,Shipping,1500.0,South San Francisco,California,US,United States of America,2.0,Americas,19,,,,
188,Kelly,Chung,Kelly Chung,KCHUNG,650.505.1876,2005-06-14,SH_CLERK,Shipping Clerk,2500,5500,3800.0,0.0,45600,122.0,Payam Kaufling,50.0,Shipping,1500.0,South San Francisco,California,US,United States of America,2.0,Americas,21,,,,
189,Jennifer,Dilly,Jennifer Dilly,JDILLY,650.505.2876,2005-08-13,SH_CLERK,Shipping Clerk,2500,5500,3600.0,0.0,43200,122.0,Payam Kaufling,50.0,Shipping,1500.0,South San Francisco,California,US,United States of America,2.0,Americas,21,,,,
190,Timothy,Gates,Timothy Gates,TGATES,650.505.3876,2006-07-11,SH_CLERK,Shipping Clerk,2500,5500,2900.0,0.0,34800,122.0,Payam Kaufling,50.0,Shipping,1500.0,South San Francisco,California,US,United States of America,2.0,Americas,20,,,,
191,Randall,Perkins,Randall Perkins,RPERKINS,650.505.4876,2007-12-19,SH_CLERK,Shipping Clerk,2500,5500,2500.0,0.0,30000,122.0,Payam Kaufling,50.0,Shipping,1500.0,South San Francisco,California,US,United States of America,2.0,Americas,18,,,,
192,Sarah,Bell,Sarah Bell,SBELL,650.501.1876,2004-02-04,SH_CLERK,Shipping Clerk,2500,5500,4000.0,0.0,48000,123.0,Shanta Vollman,50.0,Shipping,1500.0,South San Francisco,California,US,United States of America,2.0,Americas,22,,,,
193,Britney,Everett,Britney Everett,BEVERETT,650.501.2876,2005-03-03,SH_CLERK,Shipping Clerk,2500,5500,3900.0,0.0,46800,123.0,Shanta Vollman,50.0,Shipping,1500.0,South San Francisco,California,US,United States of America,2.0,Americas,21,,,,
194,Samuel,McCain,Samuel McCain,SMCCAIN,650.501.3876,2006-07-01,SH_CLERK,Shipping Clerk,2500,5500,3200.0,0.0,38400,123.0,Shanta Vollman,50.0,Shipping,1500.0,South San Francisco,California,US,United States of America,2.0,Americas,20,,,,
195,Vance,Jones,Vance Jones,VJONES,650.501.4876,2007-03-17,SH_CLERK,Shipping Clerk,2500,5500,2800.0,0.0,33600,123.0,Shanta Vollman,50.0,Shipping,1500.0,South San Francisco,California,US,United States of America,2.0,Americas,19,,,,
196,Alana,Walsh,Alana Walsh,AWALSH,650.507.9811,2006-04-24,SH_CLERK,Shipping Clerk,2500,5500,3100.0,0.0,37200,124.0,Kevin Mourgos,50.0,Shipping,1500.0,South San Francisco,California,US,United States of America,2.0,Americas,20,,,,
197,Kevin,Feeney,Kevin Feeney,KFEENEY,650.507.9822,2006-05-23,SH_CLERK,Shipping Clerk,2500,5500,3000.0,0.0,36000,124.0,Kevin Mourgos,50.0,Shipping,1500.0,South San Francisco,California,US,United States of America,2.0,Americas,20,,,,
198,Donald,OConnell,Donald OConnell,DOCONNEL,650.507.9833,2007-06-21,SH_CLERK,Shipping Clerk,2500,5500,2600.0,0.0,31200,124.0,Kevin Mourgos,50.0,Shipping,1500.0,South San Francisco,California,US,United States of America,2.0,Americas,19,,,,
199,Douglas,Grant,Douglas Grant,DGRANT,650.507.9844,2008-01-13,SH_CLERK,Shipping Clerk,2500,5500,2600.0,0.0,31200,124.0,Kevin Mourgos,50.0,Shipping,1500.0,South San Francisco,California,US,United States of America,2.0,Americas,18,,,,
200,Jennifer,Whalen,Jennifer Whalen,JWHALEN,515.123.4444,2003-09-17,AD_ASST,Administration Assistant,3000,6000,4400.0,0.0,52800,101.0,Neena Kochhar,10.0,Administration,1700.0,Seattle,Washington,US,United States of America,2.0,Americas,23,1995-09-17,2001-06-17,90.0,AD_ASST
200,Jennifer,Whalen,Jennifer Whalen,JWHALEN,515.123.4444,2003-09-17,AD_ASST,Administration Assistant,3000,6000,4400.0,0.0,52800,101.0,Neena Kochhar,10.0,Administration,1700.0,Seattle,Washington,US,United States of America,2.0,Americas,23,2002-07-01,2006-12-31,90.0,AC_ACCOUNT
201,Michael,Hartstein,Michael Hartstein,MHARTSTE,515.123.5555,2004-02-17,MK_MAN,Marketing Manager,9000,15000,13000.0,0.0,156000,100.0,Steven King,20.0,Marketing,1800.0,Toronto,Ontario,CA,Canada,2.0,Americas,22,2004-02-17,2007-12-19,20.0,MK_REP
202,Pat,Fay,Pat Fay,PFAY,603.123.6666,2005-08-17,MK_REP,Marketing Representative,4000,9000,6000.0,0.0,72000,201.0,Michael Hartstein,20.0,Marketing,1800.0,Toronto,Ontario,CA,Canada,2.0,Americas,21,,,,
203,Susan,Mavris,Susan Mavris,SMAVRIS,515.123.7777,2002-06-07,HR_REP,Human Resources Representative,4000,9000,6500.0,0.0,78000,101.0,Neena Kochhar,40.0,Human Resources,2400.0,London,,UK,United Kingdom,1.0,Europe,24,,,,
204,Hermann,Baer,Hermann Baer,HBAER,515.123.8888,2002-06-07,PR_REP,Public Relations Representative,4500,10500,10000.0,0.0,120000,101.0,Neena Kochhar,70.0,Public Relations,2700.0,Munich,Bavaria,DE,Germany,1.0,Europe,24,,,,
205,Shelley,Higgins,Shelley Higgins,SHIGGINS,515.123.8080,2002-06-07,AC_MGR,Accounting Manager,8200,16000,12008.0,0.0,144096,101.0,Neena Kochhar,110.0,Accounting,1700.0,Seattle,Washington,US,United States of America,2.0,Americas,24,,,,
206,William,Gietz,William Gietz,WGIETZ,515.123.8181,2002-06-07,AC_ACCOUNT,Public Accountant,4200,9000,8300.0,0.0,99600,205.0,Shelley Higgins,110.0,Accounting,1700.0,Seattle,Washington,US,United States of America,2.0,Americas,24,,,,
