employee_id,employeename,start_date,end_date,job_id,job_title,department_id,department_name
101,Neena Kochhar,1997-09-21,2001-10-27,AC_ACCOUNT,Public Accountant,110,Accounting
101,Neena Kochhar,2001-10-28,2005-03-15,AC_MGR,Accounting Manager,110,Accounting
102,Lex De Haan,2001-01-13,2006-07-24,IT_PROG,Programmer,60,IT
114,Den Raphaely,2006-03-24,2007-12-31,ST_CLERK,Stock Clerk,50,Shipping
122,Payam Kaufling,2007-01-01,2007-12-31,ST_CLERK,Stock Clerk,50,Shipping
176,Jonathon Taylor,2006-03-24,2006-12-31,SA_REP,Sales Representative,80,Sales
176,Jonathon Taylor,2007-01-01,2007-12-31,SA_MAN,Sales Manager,80,Sales
200,Jennifer Whalen,1995-09-17,2001-06-17,AD_ASST,Administration Assistant,90,Executive
200,Jennifer Whalen,2002-07-01,2006-12-31,AC_ACCOUNT,Public Accountant,90,Executive
201,Michael Hartstein,2004-02-17,2007-12-19,MK_REP,Marketing Representative,20,Marketing
